"inscriptionId","address"
"8b6303cc8139819825820ca34414544d75b6a78eda138606415999b771239325i0","bc1purtp7rsw7j9mnsxtnltjd4djggj6wlqf7ufj8qs686x7qa5hvdsqsxgjw0"
"547421aaf67a99c82202307cd0542c7945c9c7292739d575402ca8d4509a7549i0","bc1purtp7rsw7j9mnsxtnltjd4djggj6wlqf7ufj8qs686x7qa5hvdsqsxgjw0"
"28c0b2f4e9435ca8b1a2c5ea1487c6d39f743e60e870952152bbb3667aaeac53i0","bc1purtp7rsw7j9mnsxtnltjd4djggj6wlqf7ufj8qs686x7qa5hvdsqsxgjw0"
"cc7696c030b4f207fe465cfda36a1e27226700d80d8fe2b0b13bc041fbaff45ci0","bc1purtp7rsw7j9mnsxtnltjd4djggj6wlqf7ufj8qs686x7qa5hvdsqsxgjw0"
"0a29cdd99ce6e86dca4f5c0bceab2083a87f08d2c1eb827020d12a363d4d1b46i0","bc1purtp7rsw7j9mnsxtnltjd4djggj6wlqf7ufj8qs686x7qa5hvdsqsxgjw0"
"d66aa3f156d966a98e5c1bcb60fd6fd7ca313b8430eee271cd5f3bb5b97d209bi0","bc1purtp7rsw7j9mnsxtnltjd4djggj6wlqf7ufj8qs686x7qa5hvdsqsxgjw0"
"c769eafaba662a3b9a796a088950fbc175644b83789978f0bbdc66487cf19d87i0","bc1purtp7rsw7j9mnsxtnltjd4djggj6wlqf7ufj8qs686x7qa5hvdsqsxgjw0"
"1c3080f63d71ca0964813c71982bc55f9b96761b4f807a9367744c96bd4df518i0","bc1purtp7rsw7j9mnsxtnltjd4djggj6wlqf7ufj8qs686x7qa5hvdsqsxgjw0"
"3d63265e0bd792b86d260a1798107124e07cbdcb34265cb18adbddaf4dcd6437i0","bc1purtp7rsw7j9mnsxtnltjd4djggj6wlqf7ufj8qs686x7qa5hvdsqsxgjw0"
"de43e691e8fffd46851407d093382984e6f58edcf8d34ecc3840d11e811740dfi0","bc1purtp7rsw7j9mnsxtnltjd4djggj6wlqf7ufj8qs686x7qa5hvdsqsxgjw0"
"5a37514bfa3409f536822297927b990d7ed92f87fe2880bb2a7f4f069a8f20afi0","bc1purtp7rsw7j9mnsxtnltjd4djggj6wlqf7ufj8qs686x7qa5hvdsqsxgjw0"
"73ec0931fa5465499b0598cade1cdd3e4fd1ca43e6db24eef78e62b677e43875i0","bc1purtp7rsw7j9mnsxtnltjd4djggj6wlqf7ufj8qs686x7qa5hvdsqsxgjw0"
"71f9fe73a780ddcb9214e8c9777fc58a12fe6f4897bea4280e69765b26b6b610i0","bc1purtp7rsw7j9mnsxtnltjd4djggj6wlqf7ufj8qs686x7qa5hvdsqsxgjw0"
"aa746e54307c353f42c3339d6deada801ae2f38ec2e48f63280241fed86f1c7bi0","bc1purtp7rsw7j9mnsxtnltjd4djggj6wlqf7ufj8qs686x7qa5hvdsqsxgjw0"
"640ef4631b5ca176cba87529105347a290003de9ea1d5435970ae78d9445868fi0","bc1purtp7rsw7j9mnsxtnltjd4djggj6wlqf7ufj8qs686x7qa5hvdsqsxgjw0"
"c1e0a33c1a48c5141642df7e34e4f03e3c4c04ae28af82de6cf3f61e3f21ad3di0","bc1purtp7rsw7j9mnsxtnltjd4djggj6wlqf7ufj8qs686x7qa5hvdsqsxgjw0"
"ee3f443c1d9461c12ea8668f1a2da1aa4a163b74c0218b89da5dc855eab21d25i0","bc1purtp7rsw7j9mnsxtnltjd4djggj6wlqf7ufj8qs686x7qa5hvdsqsxgjw0"
"95333c3dad50994d1decd49eddd4f3ebbc084bcf898cb1e70c65177f5c80fb1bi0","bc1purtp7rsw7j9mnsxtnltjd4djggj6wlqf7ufj8qs686x7qa5hvdsqsxgjw0"
"f7b8fbba464390ae2e9554f8a88ca7b98a1982ca53356d20fc64d4359a2d0c49i0","bc1purtp7rsw7j9mnsxtnltjd4djggj6wlqf7ufj8qs686x7qa5hvdsqsxgjw0"
"321e6ee11a0361da2da1d44e214ef966537b9c6002e3e7abd25ec3bbb52684d7i0","bc1purtp7rsw7j9mnsxtnltjd4djggj6wlqf7ufj8qs686x7qa5hvdsqsxgjw0"
"a09fee662dfe5d133b92a205076abc91ba7fa98a1ef88a02acefff18b5e38273i0","bc1purtp7rsw7j9mnsxtnltjd4djggj6wlqf7ufj8qs686x7qa5hvdsqsxgjw0"
"68b32d04516d443468fcf551a1ae407fa859ee52a7efee9b8b7dfd35cf049e5bi0","bc1purtp7rsw7j9mnsxtnltjd4djggj6wlqf7ufj8qs686x7qa5hvdsqsxgjw0"
"066f2d3231fd7f40e21a8edc5b9f687ebf5bb8d5a00e03bf4e68e239bf1e0d09i0","bc1purtp7rsw7j9mnsxtnltjd4djggj6wlqf7ufj8qs686x7qa5hvdsqsxgjw0"
"a45e92593aa62a0a7c81ecf2a19bfa7e737336c5c51300952c8894206d2956aei0","bc1purtp7rsw7j9mnsxtnltjd4djggj6wlqf7ufj8qs686x7qa5hvdsqsxgjw0"
"4ab32f2c5f448150f2f4d0e7a4373019ea848dafd115c18aec9d6a38e00e44abi0","bc1purtp7rsw7j9mnsxtnltjd4djggj6wlqf7ufj8qs686x7qa5hvdsqsxgjw0"
"2dbd7068beb70d80f4606711ebe25ca5d807514bc7f5a84c9077e271d8ac0232i0","bc1purtp7rsw7j9mnsxtnltjd4djggj6wlqf7ufj8qs686x7qa5hvdsqsxgjw0"
"38745f9287704d0d655cbe2775071f97d49859a0a9e2997badaae9c7fcac7c58i0","bc1purtp7rsw7j9mnsxtnltjd4djggj6wlqf7ufj8qs686x7qa5hvdsqsxgjw0"
"51845981d17e8e2da55892e5809b4e59e315a8137b09d80c62ae30b72b6d2f82i0","bc1purtp7rsw7j9mnsxtnltjd4djggj6wlqf7ufj8qs686x7qa5hvdsqsxgjw0"
"4cf3c764bbee79d133c803f04857603aa74bde92ebe59d932d7b5b29684080f0i0","bc1purtp7rsw7j9mnsxtnltjd4djggj6wlqf7ufj8qs686x7qa5hvdsqsxgjw0"
"ab9a0b4f0f8e2aaf533992585491676800afd51736938eedeabc8c92772615d4i0","bc1purtp7rsw7j9mnsxtnltjd4djggj6wlqf7ufj8qs686x7qa5hvdsqsxgjw0"
"5505798df7e06f2a8105142586c7fb15c782eb944edf29c64526323a5335c499i0","bc1purtp7rsw7j9mnsxtnltjd4djggj6wlqf7ufj8qs686x7qa5hvdsqsxgjw0"
"3fabb792d2b657bd1f910d8412cf59e35d77a373923468258dbb46d05c842bf2i0","bc1purtp7rsw7j9mnsxtnltjd4djggj6wlqf7ufj8qs686x7qa5hvdsqsxgjw0"
"1589654caf4acc11bce3d03f3424fe663774e5def82de8befffb8ccdcd638af0i0","bc1purtp7rsw7j9mnsxtnltjd4djggj6wlqf7ufj8qs686x7qa5hvdsqsxgjw0"
"bdebe9cd8cfc9d5cb01029f23171bda9f82d2e70e0b5ad7fe51b502bac67a6adi0","bc1purtp7rsw7j9mnsxtnltjd4djggj6wlqf7ufj8qs686x7qa5hvdsqsxgjw0"
"a4fadf9bdce8d3a136e96205099598103e87a0d944c91329c116ab725b7f3726i0","bc1purtp7rsw7j9mnsxtnltjd4djggj6wlqf7ufj8qs686x7qa5hvdsqsxgjw0"
"43cf2b772702c9d55f35236f81d81517633783350ffa3435e0c9ffa449a95c0ai0","bc1purtp7rsw7j9mnsxtnltjd4djggj6wlqf7ufj8qs686x7qa5hvdsqsxgjw0"
"1f17d6e71cb1020d6c0cdf1ad7340189ed320f7b8c6dc5eb8e68801ddeb2b965i0","bc1purtp7rsw7j9mnsxtnltjd4djggj6wlqf7ufj8qs686x7qa5hvdsqsxgjw0"
"d379b67b45979e158df2a188f0393cbf3ce9aa881dd03e3fad1d8fe2a1734d2di0","bc1purtp7rsw7j9mnsxtnltjd4djggj6wlqf7ufj8qs686x7qa5hvdsqsxgjw0"
"fd8150a4099cb806a537c7fd058ce4a61f730fb11c1e665169d02329111796e6i0","bc1purtp7rsw7j9mnsxtnltjd4djggj6wlqf7ufj8qs686x7qa5hvdsqsxgjw0"
"11e900ed38157a2c383550514a48713684c050273d281364f78ad036c79c24f4i0","bc1purtp7rsw7j9mnsxtnltjd4djggj6wlqf7ufj8qs686x7qa5hvdsqsxgjw0"
"ec87c766a5473773f89977d4151f85b9b9c294f1dde8f86df669eb16789dd0efi0","bc1purtp7rsw7j9mnsxtnltjd4djggj6wlqf7ufj8qs686x7qa5hvdsqsxgjw0"
"fc4268eca6b0db07ab26c75e832f6fc402ef1ca7a124c55e9d885103e1a7a88ai0","bc1purtp7rsw7j9mnsxtnltjd4djggj6wlqf7ufj8qs686x7qa5hvdsqsxgjw0"
"047a7e0b6e78f0c8d98cb050b4737ade5d035d3e3b55769539492cefb0ddefaai0","bc1purtp7rsw7j9mnsxtnltjd4djggj6wlqf7ufj8qs686x7qa5hvdsqsxgjw0"
"ec735b75fb548b6308e8481e870792c9f8883e98647b05d392b707312d277a6bi0","bc1purtp7rsw7j9mnsxtnltjd4djggj6wlqf7ufj8qs686x7qa5hvdsqsxgjw0"
"c367c460646c734c8b5ea7a1b6df8eb85713b78be6e92e04cd08a82a57562f8ci0","bc1purtp7rsw7j9mnsxtnltjd4djggj6wlqf7ufj8qs686x7qa5hvdsqsxgjw0"
"20f8e892414148e39c357ac0274477d64568139724eaa9bbdeb7c54b06142b9di0","bc1purtp7rsw7j9mnsxtnltjd4djggj6wlqf7ufj8qs686x7qa5hvdsqsxgjw0"
"2d4bf8fea5fa26eb50159b8a75113ac6961cf3e647621bcd8339baf769918570i0","bc1purtp7rsw7j9mnsxtnltjd4djggj6wlqf7ufj8qs686x7qa5hvdsqsxgjw0"
"bfe0e7f6605146b59077a8d90d0e7c930514981c75d46816391191285ecb8752i0","bc1purtp7rsw7j9mnsxtnltjd4djggj6wlqf7ufj8qs686x7qa5hvdsqsxgjw0"
"99df92e0f4ae3ee46d8d576cde0554c2d75412d8636f79f702730f33ac5167d9i0","bc1purtp7rsw7j9mnsxtnltjd4djggj6wlqf7ufj8qs686x7qa5hvdsqsxgjw0"
"b8f546ffbbea27c236f11dac131b84f9e18c742636557444668fa4b69e609f41i0","bc1purtp7rsw7j9mnsxtnltjd4djggj6wlqf7ufj8qs686x7qa5hvdsqsxgjw0"
"f7e0d156267d5dca4edfbfa813627f68d8c3a957074aefbf784d0cd48f29674ei0","bc1purtp7rsw7j9mnsxtnltjd4djggj6wlqf7ufj8qs686x7qa5hvdsqsxgjw0"
"190c3bcb435212073308489c6d40df473442a43af69d5a9981b19a60f8b0c377i0","bc1purtp7rsw7j9mnsxtnltjd4djggj6wlqf7ufj8qs686x7qa5hvdsqsxgjw0"
"6155119e6b55335b5b08eb594bca9a0accf3385dd7b226760ddd7a9e8c88bd2fi0","bc1purtp7rsw7j9mnsxtnltjd4djggj6wlqf7ufj8qs686x7qa5hvdsqsxgjw0"
"6ad2c5c66a62e9c2941628e8d84d82e74c8b0b5a5378d532b439d3214274f196i0","bc1purtp7rsw7j9mnsxtnltjd4djggj6wlqf7ufj8qs686x7qa5hvdsqsxgjw0"
"a4456e17282b83a683dc2ecc30e34f5ddf5ebff501567ac09448c2c02c18bca4i0","bc1purtp7rsw7j9mnsxtnltjd4djggj6wlqf7ufj8qs686x7qa5hvdsqsxgjw0"
"03ae8295fdd583641340e9a3f73d3eee4646d222ab1cd9fea2baf4c0870aa9cdi0","bc1purtp7rsw7j9mnsxtnltjd4djggj6wlqf7ufj8qs686x7qa5hvdsqsxgjw0"
"d198f51d931a3d5b02d4420355a6c6757f12d88c90699057fa15ab4327782f52i0","bc1purtp7rsw7j9mnsxtnltjd4djggj6wlqf7ufj8qs686x7qa5hvdsqsxgjw0"
"5fb9d50724338a5c0320b284e7b00e678d0e6c19dba5dbe62f1d584cced30bcai0","bc1purtp7rsw7j9mnsxtnltjd4djggj6wlqf7ufj8qs686x7qa5hvdsqsxgjw0"
"d1ec1bbc5f59b64e709e1996dbd441c4e6d9dcbd64bab054b5841555831d9e1fi0","bc1purtp7rsw7j9mnsxtnltjd4djggj6wlqf7ufj8qs686x7qa5hvdsqsxgjw0"
"87cb66c1b3299b9e9497060aab5cde08f460babb72800a4f2d68bab385a8786fi0","bc1purtp7rsw7j9mnsxtnltjd4djggj6wlqf7ufj8qs686x7qa5hvdsqsxgjw0"
"cdce3ba9cb04bc9144a1128ca700bfffaa4d08dd73e82f8a4abe7a122e723085i0","bc1purtp7rsw7j9mnsxtnltjd4djggj6wlqf7ufj8qs686x7qa5hvdsqsxgjw0"
"09bd201b8f0f8bd2af6d488b7522cec32ebd8c104d0f37856cca5daa11539ce1i0","bc1purtp7rsw7j9mnsxtnltjd4djggj6wlqf7ufj8qs686x7qa5hvdsqsxgjw0"
"e416b5fb3bc72d1160f521ca863f76353c7a2e207332f7407ff926791fdeb2bbi0","bc1purtp7rsw7j9mnsxtnltjd4djggj6wlqf7ufj8qs686x7qa5hvdsqsxgjw0"
"270686fa54fd4fc0eae99d9114c6d9f7f8305e0f416cd83ca1539d082e75bd3fi0","bc1purtp7rsw7j9mnsxtnltjd4djggj6wlqf7ufj8qs686x7qa5hvdsqsxgjw0"
"f26c3b838b886e1500a0ba00f314cf25dc83a855b9fd0d152fbcb0f0edacc8e2i0","bc1purtp7rsw7j9mnsxtnltjd4djggj6wlqf7ufj8qs686x7qa5hvdsqsxgjw0"
"c1fa7dca2e9cea2518e6ba35768da395e995982ec1c901d3e20870d7f2681786i0","bc1purtp7rsw7j9mnsxtnltjd4djggj6wlqf7ufj8qs686x7qa5hvdsqsxgjw0"
"298991b6cf56d555b7116f0b9ce54c669f1211cad834c4bc24759c586db9441bi0","bc1purtp7rsw7j9mnsxtnltjd4djggj6wlqf7ufj8qs686x7qa5hvdsqsxgjw0"
"0d1b6f0f7b4157dd25b011bae0a623434f1ff574e49457d4465dc369e3276ecci0","bc1purtp7rsw7j9mnsxtnltjd4djggj6wlqf7ufj8qs686x7qa5hvdsqsxgjw0"
"3768ac7a270f567cde5b9530e906084fbcae9c074cb39a9b49a8f22f8b838088i0","bc1purtp7rsw7j9mnsxtnltjd4djggj6wlqf7ufj8qs686x7qa5hvdsqsxgjw0"
"1ca53e68b861bb5d78d7318d1eb7a946cd42556c22cdf6dc455c17265dea5e05i0","bc1purtp7rsw7j9mnsxtnltjd4djggj6wlqf7ufj8qs686x7qa5hvdsqsxgjw0"
"a9f4aae6cacc8cad93e15f73e1b03e1368208dc0591493af3b076592a1a36d34i0","bc1purtp7rsw7j9mnsxtnltjd4djggj6wlqf7ufj8qs686x7qa5hvdsqsxgjw0"
"cbe3e9e62026a7a0071ef0abbeb3fc1184cbf8694b948fda3c22c1ac8ff9b39di0","bc1purtp7rsw7j9mnsxtnltjd4djggj6wlqf7ufj8qs686x7qa5hvdsqsxgjw0"
"ff36f287b61988d8c7345be2e415e802bfbfb99ec3a1705a62a43ebc003f6d35i0","bc1purtp7rsw7j9mnsxtnltjd4djggj6wlqf7ufj8qs686x7qa5hvdsqsxgjw0"
"ede9e866dc750d350bcac90d14f6a23e4ec6b9362ea7a01905c66d36f5d6f9a6i0","bc1purtp7rsw7j9mnsxtnltjd4djggj6wlqf7ufj8qs686x7qa5hvdsqsxgjw0"
"9d0fcc44f2c04895f0e717c0b8b10e4d53cae951539b2f09bf9df84939107f24i0","bc1purtp7rsw7j9mnsxtnltjd4djggj6wlqf7ufj8qs686x7qa5hvdsqsxgjw0"
"f67fe9c5658122c37e292b0ade0cbc0a4120bf0763f7a27fc540a0cb88db9622i0","bc1purtp7rsw7j9mnsxtnltjd4djggj6wlqf7ufj8qs686x7qa5hvdsqsxgjw0"
"ae4e1a9aab77e2acea35596f18f50b8c8392254e07b1937b716e1ef6f5f590f2i0","bc1purtp7rsw7j9mnsxtnltjd4djggj6wlqf7ufj8qs686x7qa5hvdsqsxgjw0"
"0234d6cbc411c69575487988facbaa0ed342c3e85129e7b840dd86fd611b490bi0","bc1purtp7rsw7j9mnsxtnltjd4djggj6wlqf7ufj8qs686x7qa5hvdsqsxgjw0"
"ca9065c7e42683335d96f9776dab2253f38194a588a1ab45b4dd0135da2e777fi0","bc1purtp7rsw7j9mnsxtnltjd4djggj6wlqf7ufj8qs686x7qa5hvdsqsxgjw0"
"1f568bc6b25ca4817fd0461729f5391f727086eab01cace5c864de7c925855e0i0","bc1purtp7rsw7j9mnsxtnltjd4djggj6wlqf7ufj8qs686x7qa5hvdsqsxgjw0"
"6f0df67563942fd9547d03b388146a5bc198e6e05f944cc859a9dc89193eeac0i0","bc1purtp7rsw7j9mnsxtnltjd4djggj6wlqf7ufj8qs686x7qa5hvdsqsxgjw0"
"bd699b80b3d3f6e9d3d464e49eeba0dcb01cec7e2f5f4e337ba114cbde7acd7ci0","bc1purtp7rsw7j9mnsxtnltjd4djggj6wlqf7ufj8qs686x7qa5hvdsqsxgjw0"
"172137e912bc826ea0bacca65d7c5f5db7986291d33d21d2f9b74a97d03bc127i0","bc1purtp7rsw7j9mnsxtnltjd4djggj6wlqf7ufj8qs686x7qa5hvdsqsxgjw0"
"172d6fa17f10d57989948e685993a0e211a82c8502b4801d887b69ada1bf5e3ei0","bc1purtp7rsw7j9mnsxtnltjd4djggj6wlqf7ufj8qs686x7qa5hvdsqsxgjw0"
"15b01206b423c79e2fcf6aa411cc6fb925b0c591717505b775e0a0e774a105f6i0","bc1purtp7rsw7j9mnsxtnltjd4djggj6wlqf7ufj8qs686x7qa5hvdsqsxgjw0"
"1701da95c63938f5921f0319dfc66cdd1839ea5d9305d812d29cce47e3cd8b72i0","bc1purtp7rsw7j9mnsxtnltjd4djggj6wlqf7ufj8qs686x7qa5hvdsqsxgjw0"
"dda81858eab74115191ae3f203e2305ad7d7ed9f69313b04e052cf6703d92e64i0","bc1purtp7rsw7j9mnsxtnltjd4djggj6wlqf7ufj8qs686x7qa5hvdsqsxgjw0"
"61d5bb369d9096cae6308ac9b35980e60b900da5c29747c328859792148c6e49i0","bc1purtp7rsw7j9mnsxtnltjd4djggj6wlqf7ufj8qs686x7qa5hvdsqsxgjw0"
"22ba345c01c2646eeff5e2f43799428b96d5ca023f2917428374444a6de776f5i0","bc1purtp7rsw7j9mnsxtnltjd4djggj6wlqf7ufj8qs686x7qa5hvdsqsxgjw0"
"4b9ee96a4b9668840d7268e8c038bd2ca7f752049187ec2bf77496bda664338ai0","bc1purtp7rsw7j9mnsxtnltjd4djggj6wlqf7ufj8qs686x7qa5hvdsqsxgjw0"
"ea3dfbe6b793204bce552dd01e15f51a9240d916e48a1c69ebf18bf1a52361cci0","bc1purtp7rsw7j9mnsxtnltjd4djggj6wlqf7ufj8qs686x7qa5hvdsqsxgjw0"
"adf43781cb16df4982141fb61e660286859b83d8f3d7518b18843b60a0822e6ei0","bc1purtp7rsw7j9mnsxtnltjd4djggj6wlqf7ufj8qs686x7qa5hvdsqsxgjw0"
"591bba83cf6d5973defde62db63e5c0b125343562ffa0abeefa3c0c8ba1dde72i0","bc1purtp7rsw7j9mnsxtnltjd4djggj6wlqf7ufj8qs686x7qa5hvdsqsxgjw0"
"75a1e440d7ff361f86629b02ec89f0c537a448f0a3459b8a76fbc66c3ad7d46ci0","bc1purtp7rsw7j9mnsxtnltjd4djggj6wlqf7ufj8qs686x7qa5hvdsqsxgjw0"
"70d9bc5bc27ad255d8a292a1abc8edef961fe86a87210b5c383858b604e7e6dbi0","bc1purtp7rsw7j9mnsxtnltjd4djggj6wlqf7ufj8qs686x7qa5hvdsqsxgjw0"
"67dd5a409ffd8354d032e5e81b9e264b8c40c637bd0b1311c0ad75f58fffa13ci0","bc1purtp7rsw7j9mnsxtnltjd4djggj6wlqf7ufj8qs686x7qa5hvdsqsxgjw0"
"c9d5231cdb9d9eb85bb471db79209b8ec643b38fd2217b4c90dd5369be734bcdi0","bc1purtp7rsw7j9mnsxtnltjd4djggj6wlqf7ufj8qs686x7qa5hvdsqsxgjw0"
"a3d8bc7af800f3a4f0c911a17ee6b8d7ee1232c85137e2555d938afa53536b30i0","bc1purtp7rsw7j9mnsxtnltjd4djggj6wlqf7ufj8qs686x7qa5hvdsqsxgjw0"
"2e42afae8300f4c50ccc85f2ee5a6cf97de17d808f19ca6831c0732613944cc6i0","bc1purtp7rsw7j9mnsxtnltjd4djggj6wlqf7ufj8qs686x7qa5hvdsqsxgjw0"
"f7021771489298a7832a5f7196e20f6d4a94d1abda55b2634d44ba18ae88f3c4i0","bc1purtp7rsw7j9mnsxtnltjd4djggj6wlqf7ufj8qs686x7qa5hvdsqsxgjw0"
"768728b0cffebe07ddc288b708e366945808f0128da7ce5fe3d185ecb39ed27ei0","bc1purtp7rsw7j9mnsxtnltjd4djggj6wlqf7ufj8qs686x7qa5hvdsqsxgjw0"