"bc1pkcf8a0njnfjklle7pgdjzgzx284dmc02dyustk4fcx72h3r9pymsczge4q",Vincent
bc1pvvzjhfc4cjd227kcu5wxuv7sst7yeukjdyytpmp67kzskkwtyzhq6zr4jn,kuro
bc1p9uf44et2ttyglwu03hxcrrvd3q62a332ef9v6falz2xfa6mhwd9sju9jfw,2 red
bc1ppn9axmse93kz2wx02kzzefajqu333nrud3dwqlcgm6vqcz04j8dqnwwrq5,Shin
bc1pqswl2v5ydlv5sydla8wv74pqfw7uc0rx8w7nwx2gk4gl35hdfg0qna08zx,g3rm
bc1pclf37mgwkxlq89ak7mvzq2pm3msmwytpq3tdzu998fy66593gstq6w9czl,sappy king
bc1pekm0z6s24mwcyxq629dng5de4s2z4fm6vg663hy3rt99x4n4twls2zxnfw,
bc1p5dlft4fcmgeg0u6hw8z7vu5a6dzxm2745jd8vhuje87kk4hf6uksj764zk,escape
bc1p733t46j4x0r60t77wqxzszzfh8ca9w2x40qauma0d59umw57zkns9f3ttf,escape
bc1pph93vjva2ujt8tej05ckapxfrthl0kzxywf8jcs3kh85ug5y4s0qkm7qcf,escape
bc1q3qpewvqm8ppnl25t0kuvvxs3w8skwe7xjqj34f,escape
bc1pks2q84xedhyk9g7wjezrevdpvz3ph9zeed3fhax59l3qrklqmqpsx23jsu,escape
bc1py4tks4ja7zsltpn04l9l8ze6vmr2nw3xvhr77qzrcm063ned54ys88x06z,escape